[
  {
    "course_slug": "trading-basico",
    "title": "Introducci\u00f3n al hedging",
    "content": "En esta lecci\u00f3n aprender\u00e1s qu\u00e9 es el hedging y por qu\u00e9 importa. (Contenido de ejemplo)",
    "position": 1,
    "duration_seconds": 300,
    "quiz": {
      "question": "\u00bfCu\u00e1l es el objetivo principal del hedging?",
      "choices": [
        "Aumentar ganancias",
        "Reducir riesgo",
        "Aumentar volatilidad"
      ],
      "correct_index": 1
    }
  },
  {
    "course_slug": "trading-basico",
    "title": "Backtesting b\u00e1sico",
    "content": "C\u00f3mo probar estrategias con datos hist\u00f3ricos.",
    "position": 2,
    "duration_seconds": 420
  }
]